timestamp,particle_count,mean_size_mm,std_size_mm,min_size_mm,max_size_mm,concentration_per_ml,sample_volume_ml,detection_fps,system_mode,threshold_value,min_particle_area,max_particle_area,session_id
2025-09-29 17:53:09.287766,0,0.0,0.0,0.0,0.0,0.0,0.05,0.0,detect,60,50,5000,20250929_175309
2025-09-29 17:53:10.142500,18,0.1039,0.0263,0.0798,0.1956,360.0,0.05,0.0,detect,60,50,5000,20250929_175309
2025-09-29 17:53:10.270907,0,0.0,0.0,0.0,0.0,0.0,0.05,0.0,detect,60,50,5000,20250929_175309
2025-09-29 17:53:10.743440,1,0.1826,0.0,0.1826,0.1826,20.0,0.05,0.0,detect,60,50,5000,20250929_175309
2025-09-29 17:53:10.822057,1,0.3191,0.0,0.3191,0.3191,20.0,0.05,0.0,detect,60,50,5000,20250929_175309
2025-09-29 17:53:10.916814,6,0.3305,0.208,0.0841,0.6543,120.0,0.05,0.0,detect,60,50,5000,20250929_175309
2025-09-29 17:53:10.985071,10,0.2278,0.106,0.0829,0.3604,200.0,0.05,0.0,detect,60,50,5000,20250929_175309
2025-09-29 17:53:11.075616,6,0.2043,0.2347,0.0917,0.729,120.0,0.05,0.0,detect,60,50,5000,20250929_175309
2025-09-29 17:53:11.151353,2,0.1021,0.0067,0.0954,0.1088,40.0,0.05,0.0,detect,60,50,5000,20250929_175309
2025-09-29 17:53:11.234723,4,0.2969,0.1965,0.0899,0.5734,80.0,0.05,0.0,detect,60,50,5000,20250929_175309
2025-09-29 17:53:11.310407,2,0.4528,0.2445,0.2084,0.6973,40.0,0.05,0.0,detect,60,50,5000,20250929_175309
2025-09-29 17:53:11.401830,2,0.1653,0.0528,0.1126,0.2181,40.0,0.05,0.0,detect,60,50,5000,20250929_175309
2025-09-29 17:53:11.482379,4,0.3427,0.1119,0.1702,0.4806,80.0,0.05,0.0,detect,60,50,5000,20250929_175309
2025-09-29 17:53:11.782784,8,0.1048,0.0275,0.0825,0.1711,160.0,0.05,0.0,detect,60,50,5000,20250929_175309
2025-09-29 17:53:11.915748,4,0.0918,0.0089,0.0814,0.1059,80.0,0.05,11.53,detect,60,50,5000,20250929_175309
2025-09-29 17:53:12.408604,0,0.0,0.0,0.0,0.0,0.0,0.05,11.53,detect,60,50,5000,20250929_175309
2025-09-29 17:53:12.452172,5,0.1855,0.1576,0.0802,0.4987,100.0,0.05,11.53,detect,60,50,5000,20250929_175309
2025-09-29 17:53:12.498879,10,0.1698,0.2043,0.0818,0.7801,200.0,0.05,11.53,detect,60,50,5000,20250929_175309
2025-09-29 17:53:12.544189,9,0.09,0.0111,0.0814,0.1183,180.0,0.05,11.53,detect,60,50,5000,20250929_175309
2025-09-29 17:53:12.601567,8,0.1056,0.0264,0.0802,0.1566,160.0,0.05,11.53,detect,60,50,5000,20250929_175309
2025-09-29 17:53:12.694981,7,0.1171,0.0245,0.0859,0.1533,140.0,0.05,11.53,detect,60,50,5000,20250929_175309
2025-09-29 17:53:12.799742,11,0.1063,0.0318,0.0798,0.1842,220.0,0.05,11.53,detect,60,50,5000,20250929_175309
2025-09-29 17:53:12.872925,6,0.1077,0.0253,0.081,0.1566,120.0,0.05,11.53,detect,60,50,5000,20250929_175309
2025-09-29 17:53:12.965670,3,0.102,0.0248,0.0798,0.1366,60.0,0.05,11.53,detect,60,50,5000,20250929_175309
2025-09-29 17:53:13.038867,4,0.0917,0.0037,0.0888,0.098,80.0,0.05,11.53,detect,60,50,5000,20250929_175309
2025-09-29 17:53:13.097238,4,0.1461,0.0938,0.0806,0.3082,80.0,0.05,11.53,detect,60,50,5000,20250929_175309
2025-09-29 17:53:13.174619,8,0.1319,0.0514,0.0818,0.2162,160.0,0.05,11.53,detect,60,50,5000,20250929_175309
2025-09-29 17:53:13.460962,3,0.1351,0.0303,0.0961,0.17,60.0,0.05,11.53,detect,60,50,5000,20250929_175309
2025-09-29 17:53:13.525108,1,0.1456,0.0,0.1456,0.1456,20.0,0.05,11.53,detect,60,50,5000,20250929_175309
2025-09-29 17:53:13.608309,3,0.1027,0.0258,0.0833,0.1391,60.0,0.05,11.53,detect,60,50,5000,20250929_175309
2025-09-29 17:53:13.676144,1,0.1518,0.0,0.1518,0.1518,20.0,0.05,11.53,detect,60,50,5000,20250929_175309
2025-09-29 17:53:13.728568,2,0.137,0.0206,0.1164,0.1576,40.0,0.05,11.53,detect,60,50,5000,20250929_175309
2025-09-29 17:53:13.773323,2,0.1191,0.0299,0.0892,0.1491,40.0,0.05,11.53,detect,60,50,5000,20250929_175309
2025-09-29 17:53:13.830459,1,0.1416,0.0,0.1416,0.1416,20.0,0.05,11.53,detect,60,50,5000,20250929_175309
2025-09-29 17:53:13.870970,3,0.1038,0.017,0.0806,0.121,60.0,0.05,11.53,detect,60,50,5000,20250929_175309
2025-09-29 17:53:13.914270,2,0.089,0.0057,0.0833,0.0947,40.0,0.05,11.53,detect,60,50,5000,20250929_175309
2025-09-29 17:53:13.956635,2,0.1117,0.0157,0.0961,0.1274,40.0,0.05,11.53,detect,60,50,5000,20250929_175309
2025-09-29 17:53:14.132733,0,0.0,0.0,0.0,0.0,0.0,0.05,11.53,detect,60,50,5000,20250929_175309
2025-09-29 17:53:14.216481,1,0.0821,0.0,0.0821,0.0821,20.0,0.05,11.53,detect,60,50,5000,20250929_175309
2025-09-29 17:53:14.495112,2,0.0986,0.0173,0.0814,0.1159,40.0,0.05,11.53,detect,60,50,5000,20250929_175309
2025-09-29 17:53:14.546836,0,0.0,0.0,0.0,0.0,0.0,0.05,11.53,detect,60,50,5000,20250929_175309
2025-09-29 17:53:14.650511,4,0.1053,0.0164,0.0878,0.1318,80.0,0.05,11.0,detect,60,50,5000,20250929_175309
2025-09-29 17:53:14.722598,0,0.0,0.0,0.0,0.0,0.0,0.05,11.0,detect,60,50,5000,20250929_175309
2025-09-29 17:53:14.789392,2,0.1083,0.0254,0.0829,0.1337,40.0,0.05,11.0,detect,60,50,5000,20250929_175309
2025-09-29 17:53:14.854519,1,0.0881,0.0,0.0881,0.0881,20.0,0.05,11.0,detect,60,50,5000,20250929_175309
2025-09-29 17:53:14.897256,1,0.1289,0.0,0.1289,0.1289,20.0,0.05,11.0,detect,60,50,5000,20250929_175309
2025-09-29 17:53:14.954693,3,0.1085,0.0162,0.0859,0.1236,60.0,0.05,11.0,detect,60,50,5000,20250929_175309
2025-09-29 17:53:14.999672,2,0.1432,0.024,0.1191,0.1672,40.0,0.05,11.0,detect,60,50,5000,20250929_175309
2025-09-29 17:53:15.040689,4,0.0959,0.0148,0.0814,0.1153,80.0,0.05,11.0,detect,60,50,5000,20250929_175309
2025-09-29 17:53:15.090888,3,0.1073,0.0217,0.0867,0.1373,60.0,0.05,11.0,detect,60,50,5000,20250929_175309
2025-09-29 17:53:15.143962,1,0.0867,0.0,0.0867,0.0867,20.0,0.05,11.0,detect,60,50,5000,20250929_175309
2025-09-29 17:53:15.226278,1,0.0993,0.0,0.0993,0.0993,20.0,0.05,11.0,detect,60,50,5000,20250929_175309
2025-09-29 17:53:15.271349,5,0.0953,0.0196,0.0818,0.134,100.0,0.05,11.0,detect,60,50,5000,20250929_175309
2025-09-29 17:53:15.317096,2,0.3055,0.2149,0.0906,0.5203,40.0,0.05,11.0,detect,60,50,5000,20250929_175309
2025-09-29 17:53:15.357793,6,0.1546,0.1447,0.0798,0.4776,120.0,0.05,11.0,detect,60,50,5000,20250929_175309
2025-09-29 17:53:15.398085,5,0.1758,0.1294,0.0947,0.4337,100.0,0.05,11.0,detect,60,50,5000,20250929_175309
2025-09-29 17:53:15.448829,3,0.2237,0.1281,0.1197,0.4042,60.0,0.05,11.0,detect,60,50,5000,20250929_175309
2025-09-29 17:53:15.664694,5,0.1652,0.0973,0.0917,0.3542,100.0,0.05,11.0,detect,60,50,5000,20250929_175309
2025-09-29 17:53:15.698175,2,0.2438,0.0776,0.1662,0.3214,40.0,0.05,11.0,detect,60,50,5000,20250929_175309
2025-09-29 17:53:15.743341,3,0.1613,0.0884,0.0954,0.2862,60.0,0.05,11.0,detect,60,50,5000,20250929_175309
2025-09-29 17:53:15.790674,5,0.1322,0.0653,0.0806,0.2606,100.0,0.05,11.0,detect,60,50,5000,20250929_175309
2025-09-29 17:53:15.871297,2,0.2119,0.0912,0.1207,0.3031,40.0,0.05,11.0,detect,60,50,5000,20250929_175309
2025-09-29 17:53:15.911782,5,0.2285,0.2634,0.0802,0.7548,100.0,0.05,11.0,detect,60,50,5000,20250929_175309
2025-09-29 17:53:15.959461,6,0.0971,0.0197,0.0802,0.1393,120.0,0.05,11.0,detect,60,50,5000,20250929_175309
2025-09-29 17:53:16.014149,13,0.1092,0.0308,0.0806,0.1963,260.0,0.05,11.0,detect,60,50,5000,20250929_175309
2025-09-29 17:53:16.088795,6,0.1056,0.0221,0.0798,0.1434,120.0,0.05,11.0,detect,60,50,5000,20250929_175309
2025-09-29 17:53:16.217471,1,0.6373,0.0,0.6373,0.6373,20.0,0.05,11.0,detect,60,50,5000,20250929_175309
2025-09-29 17:53:16.294943,3,0.4305,0.1618,0.2375,0.6335,60.0,0.05,11.0,detect,60,50,5000,20250929_175309
2025-09-29 17:53:16.590804,5,0.3096,0.2052,0.1037,0.5831,100.0,0.05,17.17,detect,60,50,5000,20250929_175309
2025-09-29 17:53:16.678835,5,0.3295,0.1309,0.1821,0.5255,100.0,0.05,17.17,detect,60,50,5000,20250929_175309
2025-09-29 17:53:16.791194,27,0.2797,0.1311,0.1016,0.7223,540.0,0.05,17.17,detect,60,50,5000,20250929_175309
2025-09-29 17:53:17.000710,14,0.3191,0.1542,0.1586,0.6966,280.0,0.05,17.17,detect,60,50,5000,20250929_175309
2025-09-29 17:53:17.329148,4,0.3963,0.2128,0.1427,0.7115,80.0,0.05,17.17,detect,60,50,5000,20250929_175309
2025-09-29 17:53:17.364916,5,0.2213,0.1247,0.1065,0.4436,100.0,0.05,17.17,detect,60,50,5000,20250929_175309
2025-09-29 17:53:17.924615,11,0.3196,0.1504,0.1412,0.7038,220.0,0.05,17.17,detect,60,50,5000,20250929_175309
2025-09-29 17:53:17.967128,23,0.2766,0.1168,0.0917,0.7422,460.0,0.05,17.17,detect,60,50,5000,20250929_175309
2025-09-29 17:53:18.032491,5,0.4073,0.2032,0.2138,0.7877,100.0,0.05,17.17,detect,60,50,5000,20250929_175309
2025-09-29 17:53:18.113262,0,0.0,0.0,0.0,0.0,0.0,0.05,17.17,detect,60,50,5000,20250929_175309
2025-09-29 17:53:18.277616,1,0.0829,0.0,0.0829,0.0829,20.0,0.05,17.17,detect,60,50,5000,20250929_175309
2025-09-29 17:53:18.387767,0,0.0,0.0,0.0,0.0,0.0,0.05,17.17,detect,60,50,5000,20250929_175309
2025-09-29 17:53:18.479225,1,0.1434,0.0,0.1434,0.1434,20.0,0.05,17.17,detect,60,50,5000,20250929_175309
2025-09-29 17:53:18.579623,9,0.1578,0.0463,0.0951,0.2326,180.0,0.05,17.17,detect,60,50,5000,20250929_175309
2025-09-29 17:53:18.663647,7,0.1394,0.046,0.0941,0.2304,140.0,0.05,17.17,detect,60,50,5000,20250929_175309
2025-09-29 17:53:18.761596,25,0.1715,0.0492,0.0892,0.2693,500.0,0.05,17.17,detect,60,50,5000,20250929_175309
2025-09-29 17:53:18.884832,22,0.1706,0.0454,0.0841,0.2629,440.0,0.05,17.17,detect,60,50,5000,20250929_175309
2025-09-29 17:53:19.376198,22,0.1865,0.0547,0.087,0.2976,440.0,0.05,17.17,detect,60,50,5000,20250929_175309
2025-09-29 17:53:19.417411,0,0.0,0.0,0.0,0.0,0.0,0.05,17.17,detect,60,50,5000,20250929_175309
2025-09-29 17:53:20.823135,22,0.1921,0.0972,0.0859,0.5763,440.0,0.05,8.08,detect,60,50,5000,20250929_175309
2025-09-29 17:53:20.912609,24,0.1727,0.093,0.0802,0.5805,480.0,0.05,8.08,detect,60,50,5000,20250929_175309
2025-09-29 17:53:21.438865,22,0.1921,0.0976,0.0841,0.5787,440.0,0.05,8.08,detect,60,50,5000,20250929_175309
2025-09-29 17:53:21.480674,24,0.1797,0.0944,0.0806,0.5747,480.0,0.05,8.08,detect,60,50,5000,20250929_175309
2025-09-29 17:53:21.890053,25,0.1695,0.0916,0.0821,0.5736,500.0,0.05,8.08,detect,60,50,5000,20250929_175309
2025-09-29 17:53:22.251846,28,0.1816,0.0981,0.0833,0.5865,560.0,0.05,8.08,detect,60,50,5000,20250929_175309
2025-09-29 17:53:22.374751,24,0.1726,0.0949,0.0814,0.5883,480.0,0.05,8.08,detect,60,50,5000,20250929_175309
2025-09-29 17:53:22.600030,21,0.1773,0.0422,0.0881,0.268,420.0,0.05,8.08,detect,60,50,5000,20250929_175309
2025-09-29 17:53:22.871802,22,0.1672,0.0438,0.081,0.2563,440.0,0.05,8.08,detect,60,50,5000,20250929_175309
2025-09-29 17:53:22.980449,22,0.1895,0.0964,0.0878,0.5918,440.0,0.05,8.08,detect,60,50,5000,20250929_175309
2025-09-29 17:53:23.245982,3,0.2121,0.1178,0.087,0.37,60.0,0.05,8.08,detect,60,50,5000,20250929_175309
2025-09-29 17:53:23.350280,0,0.0,0.0,0.0,0.0,0.0,0.05,8.08,detect,60,50,5000,20250929_175309
2025-09-29 17:53:23.825668,22,0.1925,0.0974,0.0829,0.5992,440.0,0.05,8.08,detect,60,50,5000,20250929_175309
2025-09-29 17:53:24.233088,21,0.171,0.0397,0.0856,0.2558,420.0,0.05,7.86,detect,60,50,5000,20250929_175309
2025-09-29 17:53:24.352468,20,0.1855,0.0493,0.092,0.2933,400.0,0.05,7.86,detect,60,50,5000,20250929_175309
2025-09-29 17:53:24.488813,22,0.174,0.0455,0.0844,0.2667,440.0,0.05,7.86,detect,60,50,5000,20250929_175309
2025-09-29 17:53:24.614664,22,0.1924,0.0964,0.0837,0.5951,440.0,0.05,7.86,detect,60,50,5000,20250929_175309
2025-09-29 17:53:24.721884,9,0.222,0.068,0.1239,0.3037,180.0,0.05,7.86,detect,60,50,5000,20250929_175309
2025-09-29 17:53:24.830696,19,0.1939,0.05,0.1009,0.295,380.0,0.05,7.86,detect,60,50,5000,20250929_175309
2025-09-29 17:53:25.458127,24,0.1829,0.0917,0.0818,0.5777,480.0,0.05,7.86,detect,60,50,5000,20250929_175309
2025-09-29 17:53:25.601192,27,0.15,0.0438,0.0806,0.2563,540.0,0.05,7.86,detect,60,50,5000,20250929_175309
2025-09-29 17:53:25.733285,22,0.1679,0.0369,0.0852,0.2537,440.0,0.05,7.86,detect,60,50,5000,20250929_175309
2025-09-29 17:53:26.047730,21,0.1815,0.0501,0.0951,0.2856,420.0,0.05,7.86,detect,60,50,5000,20250929_175309
2025-09-29 17:53:26.109481,23,0.1692,0.0435,0.0821,0.2614,460.0,0.05,7.86,detect,60,50,5000,20250929_175309
2025-09-29 17:53:26.573737,23,0.1904,0.0944,0.0863,0.5869,460.0,0.05,7.86,detect,60,50,5000,20250929_175309
2025-09-29 17:53:27.021344,23,0.1791,0.095,0.0802,0.5821,460.0,0.05,7.86,detect,60,50,5000,20250929_175309
2025-09-29 17:53:27.262421,23,0.1678,0.0421,0.0844,0.2637,460.0,0.05,7.86,detect,60,50,5000,20250929_175309
2025-09-29 17:53:27.517113,26,0.1676,0.051,0.0818,0.2717,520.0,0.05,7.86,detect,60,50,5000,20250929_175309
2025-09-29 17:53:27.653973,24,0.18,0.0513,0.0881,0.2872,480.0,0.05,7.86,detect,60,50,5000,20250929_175309
2025-09-29 17:53:27.980545,24,0.1653,0.0473,0.0852,0.2698,480.0,0.05,7.86,detect,60,50,5000,20250929_175309
2025-09-29 17:53:28.098842,24,0.1793,0.0954,0.087,0.5896,480.0,0.05,7.86,detect,60,50,5000,20250929_175309
2025-09-29 17:53:28.520007,24,0.1646,0.0479,0.0867,0.2684,480.0,0.05,6.76,detect,60,50,5000,20250929_175309
2025-09-29 17:53:28.659002,28,0.173,0.0909,0.0798,0.5838,560.0,0.05,6.76,detect,60,50,5000,20250929_175309
2025-09-29 17:53:29.258664,19,0.1854,0.0594,0.0927,0.3019,380.0,0.05,6.76,detect,60,50,5000,20250929_175309
2025-09-29 17:53:29.307320,22,0.1754,0.045,0.0878,0.2679,440.0,0.05,6.76,detect,60,50,5000,20250929_175309
2025-09-29 17:53:30.258339,19,0.2162,0.1211,0.0941,0.6745,380.0,0.05,6.76,detect,60,50,5000,20250929_175309
2025-09-29 17:53:30.314858,24,0.1913,0.0939,0.0888,0.5946,480.0,0.05,6.76,detect,60,50,5000,20250929_175309
2025-09-29 17:53:30.382228,24,0.1773,0.0465,0.0947,0.276,480.0,0.05,6.76,detect,60,50,5000,20250929_175309
2025-09-29 17:53:30.485720,17,0.1776,0.043,0.1025,0.251,340.0,0.05,6.76,detect,60,50,5000,20250929_175309
2025-09-29 17:53:30.617111,22,0.1804,0.0529,0.0924,0.2936,440.0,0.05,6.76,detect,60,50,5000,20250929_175309
2025-09-29 17:53:31.186282,23,0.1638,0.0452,0.0802,0.2611,460.0,0.05,6.76,detect,60,50,5000,20250929_175309
2025-09-29 17:53:31.330496,22,0.1762,0.0424,0.0896,0.2748,440.0,0.05,6.76,detect,60,50,5000,20250929_175309
2025-09-29 17:53:31.781160,14,0.223,0.1008,0.081,0.4412,280.0,0.05,6.76,detect,60,50,5000,20250929_175309
2025-09-29 17:53:31.835940,13,0.1722,0.063,0.091,0.2994,260.0,0.05,6.76,detect,60,50,5000,20250929_175309
2025-09-29 17:53:31.978261,12,0.1446,0.0505,0.1003,0.2931,240.0,0.05,6.76,detect,60,50,5000,20250929_175309
2025-09-29 17:53:32.063993,0,0.0,0.0,0.0,0.0,0.0,0.05,6.76,detect,60,50,5000,20250929_175309
2025-09-29 17:53:32.162410,3,0.2396,0.1338,0.1207,0.4266,60.0,0.05,6.76,detect,60,50,5000,20250929_175309
2025-09-29 17:53:32.228767,2,0.2623,0.1298,0.1326,0.3921,40.0,0.05,6.76,detect,60,50,5000,20250929_175309
2025-09-29 17:53:32.343170,15,0.3497,0.1218,0.1213,0.6064,300.0,0.05,6.76,detect,60,50,5000,20250929_175309
2025-09-29 17:53:32.407431,14,0.2732,0.134,0.0951,0.5108,280.0,0.05,6.76,detect,60,50,5000,20250929_175309
2025-09-29 17:53:32.516384,5,0.3551,0.1273,0.1299,0.5213,100.0,0.05,6.76,detect,60,50,5000,20250929_175309
2025-09-29 17:53:33.033075,10,0.286,0.1079,0.1012,0.4922,200.0,0.05,6.76,detect,60,50,5000,20250929_175309
2025-09-29 17:53:33.082114,13,0.2105,0.1044,0.0818,0.4728,260.0,0.05,6.76,detect,60,50,5000,20250929_175309
2025-09-29 17:53:33.135384,4,0.2145,0.0808,0.1299,0.3193,80.0,0.05,6.76,detect,60,50,5000,20250929_175309
2025-09-29 17:53:33.179445,9,0.2583,0.1531,0.0917,0.5508,180.0,0.05,6.16,detect,60,50,5000,20250929_175309
2025-09-29 17:53:33.328136,8,0.2242,0.1542,0.0899,0.5861,160.0,0.05,6.16,detect,60,50,5000,20250929_175309
2025-09-29 17:53:33.379859,8,0.1619,0.0647,0.1073,0.3258,160.0,0.05,6.16,detect,60,50,5000,20250929_175309
2025-09-29 17:53:33.598476,11,0.1675,0.0732,0.0859,0.3202,220.0,0.05,6.16,detect,60,50,5000,20250929_175309
2025-09-29 17:53:33.649713,9,0.1908,0.1148,0.1067,0.4695,180.0,0.05,6.16,detect,60,50,5000,20250929_175309
2025-09-29 17:53:33.697654,7,0.2408,0.1945,0.1117,0.6863,140.0,0.05,6.16,detect,60,50,5000,20250929_175309
2025-09-29 17:53:33.952884,5,0.172,0.0829,0.114,0.3345,100.0,0.05,6.16,detect,60,50,5000,20250929_175309
2025-09-29 17:53:34.011856,18,0.2226,0.0627,0.0934,0.3764,360.0,0.05,6.16,detect,60,50,5000,20250929_175309
2025-09-29 17:53:34.116293,21,0.2388,0.0562,0.1436,0.4038,420.0,0.05,6.16,detect,60,50,5000,20250929_175309
2025-09-29 17:53:34.607917,0,0.0,0.0,0.0,0.0,0.0,0.05,6.16,detect,60,50,5000,20250929_175309
2025-09-29 17:53:35.138848,54,0.1801,0.1139,0.0798,0.7928,1080.0,0.05,6.16,detect,60,50,5000,20250929_175309
2025-09-29 17:53:35.418617,63,0.1906,0.1224,0.0841,0.7798,1260.0,0.05,6.16,detect,60,50,5000,20250929_175309
2025-09-29 17:53:35.476280,55,0.2119,0.1501,0.0821,0.7928,1100.0,0.05,6.16,detect,60,50,5000,20250929_175309
2025-09-29 17:53:35.537670,45,0.1832,0.0948,0.0821,0.5003,900.0,0.05,6.16,detect,60,50,5000,20250929_175309
2025-09-29 17:53:35.681296,55,0.213,0.1336,0.0899,0.7496,1100.0,0.05,6.16,detect,60,50,5000,20250929_175309
2025-09-29 17:53:35.831457,56,0.1986,0.1177,0.0829,0.665,1120.0,0.05,6.16,detect,60,50,5000,20250929_175309
2025-09-29 17:53:35.982733,50,0.2048,0.1345,0.0899,0.6678,1000.0,0.05,6.16,detect,60,50,5000,20250929_175309
2025-09-29 17:53:36.936622,41,0.2094,0.1457,0.0818,0.7807,820.0,0.05,6.16,detect,60,50,5000,20250929_175309
2025-09-29 17:53:37.733298,39,0.197,0.1391,0.0814,0.792,780.0,0.05,6.16,detect,60,50,5000,20250929_175309
2025-09-29 17:53:38.143510,41,0.1779,0.0929,0.0825,0.5832,820.0,0.05,6.24,detect,60,50,5000,20250929_175309
2025-09-29 17:53:38.353421,36,0.2066,0.1226,0.0814,0.7048,720.0,0.05,6.24,detect,60,50,5000,20250929_175309
2025-09-29 17:53:38.550829,42,0.1797,0.0828,0.0802,0.4515,840.0,0.05,6.24,detect,60,50,5000,20250929_175309
2025-09-29 17:53:38.744215,39,0.1801,0.0806,0.0852,0.4529,780.0,0.05,6.24,detect,60,50,5000,20250929_175309
2025-09-29 17:53:38.744215,39,0.1801,0.0806,0.0852,0.4529,780.0,0.05,6.24,detect,60,50,5000,20250929_175309
2025-09-29 17:53:38.936769,38,0.1936,0.1084,0.0841,0.6677,760.0,0.05,6.24,detect,60,50,5000,20250929_175309
2025-09-29 17:53:39.750039,28,0.1962,0.0858,0.0971,0.5064,560.0,0.05,6.24,detect,60,50,5000,20250929_175309
2025-09-29 17:53:39.923623,32,0.2046,0.0893,0.0888,0.5245,640.0,0.05,6.24,detect,60,50,5000,20250929_175309
2025-09-29 17:53:40.103983,27,0.1963,0.0992,0.0964,0.5202,540.0,0.05,6.24,detect,60,50,5000,20250929_175309
2025-09-29 17:53:40.468157,34,0.2255,0.1241,0.0814,0.6196,680.0,0.05,6.24,detect,60,50,5000,20250929_175309
2025-09-29 17:53:40.639283,37,0.2326,0.1387,0.0974,0.7916,740.0,0.05,6.24,detect,60,50,5000,20250929_175309
2025-09-29 17:53:40.807678,27,0.1757,0.0722,0.081,0.4035,540.0,0.05,6.24,detect,60,50,5000,20250929_175309
2025-09-29 17:53:41.058072,21,0.1835,0.0749,0.0967,0.4089,420.0,0.05,6.24,detect,60,50,5000,20250929_175309
2025-09-29 17:53:41.162450,28,0.1525,0.05,0.0825,0.3211,560.0,0.05,6.24,detect,60,50,5000,20250929_175309
2025-09-29 17:53:41.347847,29,0.1657,0.1031,0.0821,0.6728,580.0,0.05,6.24,detect,60,50,5000,20250929_175309
2025-09-29 17:53:41.527025,25,0.1803,0.113,0.081,0.6826,500.0,0.05,6.24,detect,60,50,5000,20250929_175309
2025-09-29 17:53:41.882306,21,0.1719,0.0614,0.081,0.4072,420.0,0.05,6.24,detect,60,50,5000,20250929_175309
2025-09-29 17:53:42.852126,21,0.1959,0.1362,0.0903,0.7715,420.0,0.05,6.24,detect,60,50,5000,20250929_175309
2025-09-29 17:53:42.905686,19,0.1576,0.0332,0.0806,0.2323,380.0,0.05,6.24,detect,60,50,5000,20250929_175309
2025-09-29 17:53:42.973097,31,0.1784,0.1058,0.0802,0.5063,620.0,0.05,6.24,detect,60,50,5000,20250929_175309
2025-09-29 17:53:43.166729,29,0.1928,0.1082,0.0806,0.5049,580.0,0.05,6.24,detect,60,50,5000,20250929_175309
2025-09-29 17:53:43.415842,32,0.1741,0.106,0.0814,0.5061,640.0,0.05,6.24,detect,60,50,5000,20250929_175309
2025-09-29 17:53:44.239958,35,0.1787,0.1094,0.0848,0.5052,700.0,0.05,5.2,detect,60,50,5000,20250929_175309
2025-09-29 17:53:44.415761,29,0.1903,0.1144,0.0852,0.5048,580.0,0.05,5.2,detect,60,50,5000,20250929_175309
2025-09-29 17:53:45.282554,32,0.1801,0.1035,0.0829,0.5058,640.0,0.05,5.2,detect,60,50,5000,20250929_175309
2025-09-29 17:53:45.336067,29,0.1901,0.1051,0.0814,0.5065,580.0,0.05,5.2,detect,60,50,5000,20250929_175309
2025-09-29 17:53:45.542760,33,0.1759,0.1036,0.081,0.5071,660.0,0.05,5.2,detect,60,50,5000,20250929_175309
2025-09-29 17:53:45.732758,30,0.1849,0.1058,0.0896,0.5065,600.0,0.05,5.2,detect,60,50,5000,20250929_175309
2025-09-29 17:53:46.117598,32,0.1738,0.1068,0.0814,0.5074,640.0,0.05,5.2,detect,60,50,5000,20250929_175309
2025-09-29 17:53:46.633859,35,0.1748,0.1027,0.0806,0.5075,700.0,0.05,5.2,detect,60,50,5000,20250929_175309
2025-09-29 17:53:47.246449,31,0.1919,0.1116,0.0798,0.5086,620.0,0.05,5.2,detect,60,50,5000,20250929_175309
2025-09-29 17:53:47.389410,32,0.1778,0.1068,0.0802,0.509,640.0,0.05,5.2,detect,60,50,5000,20250929_175309
2025-09-29 17:53:47.853846,30,0.1915,0.1132,0.0802,0.5091,600.0,0.05,5.2,detect,60,50,5000,20250929_175309
2025-09-29 17:53:48.546358,33,0.1774,0.105,0.0798,0.5085,660.0,0.05,5.2,detect,60,50,5000,20250929_175309
2025-09-29 17:53:48.730540,29,0.1826,0.1087,0.0829,0.5085,580.0,0.05,5.2,detect,60,50,5000,20250929_175309
2025-09-29 17:53:48.887868,34,0.1837,0.1026,0.0802,0.5082,680.0,0.05,5.2,detect,60,50,5000,20250929_175309
2025-09-29 17:53:49.259918,31,0.192,0.1106,0.0802,0.508,620.0,0.05,5.2,detect,60,50,5000,20250929_175309
2025-09-29 17:53:49.726090,34,0.1757,0.1042,0.0821,0.509,680.0,0.05,5.2,detect,60,50,5000,20250929_175309
2025-09-29 17:53:49.884772,28,0.1895,0.1105,0.0818,0.5103,560.0,0.05,4.99,detect,60,50,5000,20250929_175309
2025-09-29 17:53:50.110057,25,0.1963,0.1155,0.0848,0.5138,500.0,0.05,4.99,detect,60,50,5000,20250929_175309
2025-09-29 17:53:50.295855,25,0.1783,0.1296,0.0814,0.7803,500.0,0.05,4.99,detect,60,50,5000,20250929_175309
2025-09-29 17:53:50.621891,21,0.1998,0.1322,0.0892,0.6385,420.0,0.05,4.99,detect,60,50,5000,20250929_175309
2025-09-29 17:53:50.779361,23,0.1815,0.0924,0.0957,0.5004,460.0,0.05,4.99,detect,60,50,5000,20250929_175309
2025-09-29 17:53:51.038713,44,0.1759,0.0742,0.087,0.517,880.0,0.05,4.99,detect,60,50,5000,20250929_175309
2025-09-29 17:53:51.323248,8,0.1691,0.0732,0.0964,0.2973,160.0,0.05,4.99,detect,60,50,5000,20250929_175309
2025-09-29 17:53:51.548756,4,0.2167,0.0929,0.1205,0.3557,80.0,0.05,4.99,detect,60,50,5000,20250929_175309
2025-09-29 17:53:51.602388,7,0.271,0.1738,0.0833,0.6009,140.0,0.05,4.99,detect,60,50,5000,20250929_175309
2025-09-29 17:53:51.656031,5,0.2204,0.1242,0.1218,0.4603,100.0,0.05,4.99,detect,60,50,5000,20250929_175309
2025-09-29 17:53:51.699681,4,0.2759,0.1174,0.1396,0.4579,80.0,0.05,4.99,detect,60,50,5000,20250929_175309
2025-09-29 17:53:51.750871,3,0.2867,0.2057,0.1085,0.575,60.0,0.05,4.99,detect,60,50,5000,20250929_175309
2025-09-29 17:53:51.860737,17,0.2088,0.106,0.0818,0.5416,340.0,0.05,4.99,detect,60,50,5000,20250929_175309
2025-09-29 17:53:52.111361,30,0.1941,0.1267,0.0833,0.7619,600.0,0.05,4.99,detect,60,50,5000,20250929_175309
2025-09-29 17:53:52.162047,25,0.2071,0.0551,0.0852,0.304,500.0,0.05,4.99,detect,60,50,5000,20250929_175309
2025-09-29 17:53:52.262790,29,0.1759,0.0703,0.0837,0.357,580.0,0.05,4.99,detect,60,50,5000,20250929_175309
2025-09-29 17:53:52.450243,21,0.1852,0.1186,0.0825,0.5139,420.0,0.05,4.99,detect,60,50,5000,20250929_175309
2025-09-29 17:53:53.278640,20,0.1631,0.1032,0.0802,0.4682,400.0,0.05,4.99,detect,60,50,5000,20250929_175309
2025-09-29 17:53:53.337947,10,0.26,0.137,0.0841,0.4535,200.0,0.05,4.99,detect,60,50,5000,20250929_175309
2025-09-29 17:53:53.382796,12,0.219,0.1448,0.1085,0.5676,240.0,0.05,4.99,detect,60,50,5000,20250929_175309
2025-09-29 17:53:53.510960,13,0.178,0.1658,0.0878,0.7285,260.0,0.05,4.99,detect,60,50,5000,20250929_175309
2025-09-29 17:53:53.804226,17,0.1729,0.1531,0.0798,0.6542,340.0,0.05,4.99,detect,60,50,5000,20250929_175309
2025-09-29 17:53:54.525759,14,0.1723,0.1611,0.0903,0.7256,280.0,0.05,4.99,detect,60,50,5000,20250929_175309
2025-09-29 17:53:54.569103,22,0.1544,0.1319,0.0829,0.7293,440.0,0.05,6.25,detect,60,50,5000,20250929_175309
2025-09-29 17:53:54.725736,21,0.1654,0.122,0.0878,0.648,420.0,0.05,6.25,detect,60,50,5000,20250929_175309
2025-09-29 17:53:54.995133,18,0.1689,0.1485,0.0837,0.7527,360.0,0.05,6.25,detect,60,50,5000,20250929_175309
2025-09-29 17:53:55.060121,21,0.1546,0.1267,0.0821,0.6772,420.0,0.05,6.25,detect,60,50,5000,20250929_175309
2025-09-29 17:53:55.713038,18,0.1356,0.0494,0.0844,0.2603,360.0,0.05,6.25,detect,60,50,5000,20250929_175309
2025-09-29 17:53:56.060769,18,0.171,0.1361,0.081,0.5451,360.0,0.05,6.25,detect,60,50,5000,20250929_175309
2025-09-29 17:53:56.732335,21,0.1574,0.1257,0.0818,0.6762,420.0,0.05,6.25,detect,60,50,5000,20250929_175309
2025-09-29 17:53:56.935590,18,0.151,0.091,0.0837,0.4751,360.0,0.05,6.25,detect,60,50,5000,20250929_175309
2025-09-29 17:53:57.363818,24,0.1582,0.1105,0.0798,0.6267,480.0,0.05,6.25,detect,60,50,5000,20250929_175309
2025-09-29 17:53:57.419016,21,0.1721,0.1295,0.087,0.6409,420.0,0.05,6.25,detect,60,50,5000,20250929_175309
2025-09-29 17:53:57.585208,25,0.1744,0.1264,0.0798,0.6056,500.0,0.05,6.25,detect,60,50,5000,20250929_175309
2025-09-29 17:53:57.769935,20,0.1867,0.1454,0.0798,0.5831,400.0,0.05,6.25,detect,60,50,5000,20250929_175309
2025-09-29 17:53:57.932044,23,0.1719,0.135,0.0814,0.6054,460.0,0.05,6.25,detect,60,50,5000,20250929_175309
2025-09-29 17:53:58.107208,26,0.1591,0.1173,0.0814,0.6412,520.0,0.05,6.25,detect,60,50,5000,20250929_175309
2025-09-29 17:53:58.253338,20,0.1735,0.1461,0.0818,0.6981,400.0,0.05,6.25,detect,60,50,5000,20250929_175309
2025-09-29 17:53:58.592659,20,0.2257,0.1435,0.0954,0.6479,400.0,0.05,6.25,detect,60,50,5000,20250929_175309
2025-09-29 17:53:58.836529,21,0.1886,0.1085,0.0802,0.6046,420.0,0.05,6.25,detect,60,50,5000,20250929_175309
2025-09-29 17:53:58.884360,12,0.1468,0.0501,0.0829,0.2714,240.0,0.05,6.25,detect,60,50,5000,20250929_175309
2025-09-29 17:53:58.930875,20,0.1648,0.0651,0.081,0.2913,400.0,0.05,6.25,detect,60,50,5000,20250929_175309
2025-09-29 17:53:59.013645,18,0.1378,0.0527,0.0859,0.2616,360.0,0.05,6.25,detect,60,50,5000,20250929_175309
2025-09-29 17:53:59.183496,15,0.1288,0.0482,0.0798,0.2663,300.0,0.05,6.25,detect,60,50,5000,20250929_175309
2025-09-29 17:53:59.359650,16,0.14,0.0563,0.081,0.2603,320.0,0.05,6.25,detect,60,50,5000,20250929_175309
2025-09-29 17:53:59.878479,20,0.1305,0.0508,0.0814,0.2614,400.0,0.05,5.99,detect,60,50,5000,20250929_175309
